{"cameraMode":{"drawMode":0,"name":"Shaded","section":"Shading Mode"},"sceneLighting":true,"audioPlay":false,"sceneViewState":{"m_AlwaysRefresh":false,"showFog":true,"showSkybox":true,"showFlares":true,"showImageEffects":true,"showParticleSystems":true,"showVisualEffectGraphs":true,"m_FxEnabled":true},"in2DMode":false,"pivot":{"x":-0.7304728627204895,"y":-4.183597564697266,"z":10.176570892333985},"rotation":{"x":-0.007477314677089453,"y":-0.9872320890426636,"z":0.15162774920463563,"w":-0.04861342906951904},"size":13.173309326171875,"orthographic":false}