{"cameraMode":{"drawMode":0,"name":"Shaded","section":"Shading Mode"},"sceneLighting":true,"audioPlay":false,"sceneViewState":{"m_AlwaysRefresh":false,"showFog":true,"showSkybox":true,"showFlares":true,"showImageEffects":true,"showParticleSystems":true,"showVisualEffectGraphs":true,"m_FxEnabled":true},"in2DMode":false,"pivot":{"x":4.055718898773193,"y":5.556229591369629,"z":-23.394969940185548},"rotation":{"x":0.00009104592027142644,"y":0.9998857378959656,"z":-0.006308772601187229,"w":0.015300307422876358},"size":18.57709312438965,"orthographic":false}