{"cameraMode":{"drawMode":0,"name":"Shaded","section":"Shading Mode"},"sceneLighting":false,"audioPlay":false,"sceneViewState":{"m_AlwaysRefresh":false,"showFog":true,"showSkybox":false,"showFlares":true,"showImageEffects":true,"showParticleSystems":true,"showVisualEffectGraphs":true,"m_FxEnabled":true},"in2DMode":false,"pivot":{"x":-0.2082294523715973,"y":0.24786359071731568,"z":-0.06340718269348145},"rotation":{"x":-0.014515167102217675,"y":0.9836845993995667,"z":-0.1535104364156723,"w":-0.09293535351753235},"size":2.514005661010742,"orthographic":false}