{"cameraMode":{"drawMode":0,"name":"Shaded","section":"Shading Mode"},"sceneLighting":true,"audioPlay":false,"sceneViewState":{"m_AlwaysRefresh":false,"showFog":true,"showSkybox":false,"showFlares":true,"showImageEffects":true,"showParticleSystems":true,"showVisualEffectGraphs":true,"m_FxEnabled":true},"in2DMode":false,"pivot":{"x":-6.619939804077148,"y":-0.12134170532226563,"z":3.506953239440918},"rotation":{"x":0.00592725770547986,"y":0.9745405912399292,"z":0.026022011414170266,"w":-0.2227400690317154},"size":12.12435531616211,"orthographic":false}